{"Body":{"stkCallback":{"MerchantRequestID":"14450-2316542-1","CheckoutRequestID":"ws_CO_21052021203554162882","ResultCode":0,"ResultDesc":"The service request is processed successfully.","CallbackMetadata":{"Item":[{"Name":"Amount","Value":10},{"Name":"MpesaReceiptNumber","Value":"PEL988A54T"},{"Name":"Balance"},{"Name":"TransactionDate","Value":20210521203617},{"Name":"PhoneNumber","Value":254722413252}]}}}}{"Body":{"stkCallback":{"MerchantRequestID":"90150-2274072-1","CheckoutRequestID":"ws_CO_21052021204217929723","ResultCode":0,"ResultDesc":"The service request is processed successfully.","CallbackMetadata":{"Item":[{"Name":"Amount","Value":10},{"Name":"MpesaReceiptNumber","Value":"PEL788NWU1"},{"Name":"Balance"},{"Name":"TransactionDate","Value":20210521204309},{"Name":"PhoneNumber","Value":254722413252}]}}}}{"Body":{"stkCallback":{"MerchantRequestID":"61940-2367564-1","CheckoutRequestID":"ws_CO_21052021215204746878","ResultCode":1,"ResultDesc":"The balance is insufficient for the transaction"}}}{"Body":{"stkCallback":{"MerchantRequestID":"61938-2371067-1","CheckoutRequestID":"ws_CO_21052021215459067224","ResultCode":1,"ResultDesc":"The balance is insufficient for the transaction"}}}{"Body":{"stkCallback":{"MerchantRequestID":"61935-2371920-1","CheckoutRequestID":"ws_CO_21052021215539546416","ResultCode":1,"ResultDesc":"The balance is insufficient for the transaction"}}}{"Body":{"stkCallback":{"MerchantRequestID":"14235-2403809-1","CheckoutRequestID":"ws_CO_21052021215631150658","ResultCode":1,"ResultDesc":"The balance is insufficient for the transaction"}}}{"Body":{"stkCallback":{"MerchantRequestID":"75517-2444741-1","CheckoutRequestID":"ws_CO_21052021215829370603","ResultCode":1,"ResultDesc":"The balance is insufficient for the transaction"}}}{"Body":{"stkCallback":{"MerchantRequestID":"75497-2447393-1","CheckoutRequestID":"ws_CO_21052021220040159036","ResultCode":1,"ResultDesc":"The balance is insufficient for the transaction"}}}{"Body":{"stkCallback":{"MerchantRequestID":"75497-2447393-1","CheckoutRequestID":"ws_CO_21052021220040159036","ResultCode":1,"ResultDesc":"The balance is insufficient for the transaction"}}}{"Body":{"stkCallback":{"MerchantRequestID":"31316-2457645-1","CheckoutRequestID":"ws_CO_21052021221720119066","ResultCode":0,"ResultDesc":"The service request is processed successfully.","CallbackMetadata":{"Item":[{"Name":"Amount","Value":10},{"Name":"MpesaReceiptNumber","Value":"PEL98CDDX5"},{"Name":"TransactionDate","Value":20210521221738},{"Name":"PhoneNumber","Value":254716419146}]}}}}{"Body":{"stkCallback":{"MerchantRequestID":"31311-2461657-1","CheckoutRequestID":"ws_CO_21052021222057942661","ResultCode":0,"ResultDesc":"The service request is processed successfully.","CallbackMetadata":{"Item":[{"Name":"Amount","Value":10},{"Name":"MpesaReceiptNumber","Value":"PEL48CGAVM"},{"Name":"Balance"},{"Name":"TransactionDate","Value":20210521222104},{"Name":"PhoneNumber","Value":254722836141}]}}}}{"Body":{"stkCallback":{"MerchantRequestID":"2515-3120587-1","CheckoutRequestID":"ws_CO_22052021144625007565","ResultCode":0,"ResultDesc":"The service request is processed successfully.","CallbackMetadata":{"Item":[{"Name":"Amount","Value":10},{"Name":"MpesaReceiptNumber","Value":"PEM48Z9AZW"},{"Name":"Balance"},{"Name":"TransactionDate","Value":20210522144652},{"Name":"PhoneNumber","Value":254722413252}]}}}}{"Body":{"stkCallback":{"MerchantRequestID":"2855-3684331-1","CheckoutRequestID":"ws_CO_22052021194509159216","ResultCode":0,"ResultDesc":"The service request is processed successfully.","CallbackMetadata":{"Item":[{"Name":"Amount","Value":10},{"Name":"MpesaReceiptNumber","Value":"PEM39HKMMX"},{"Name":"Balance"},{"Name":"TransactionDate","Value":20210522194522},{"Name":"PhoneNumber","Value":254722413252}]}}}}{"Body":{"stkCallback":{"MerchantRequestID":"2855-3684331-1","CheckoutRequestID":"ws_CO_22052021194509159216","ResultCode":0,"ResultDesc":"The service request is processed successfully.","CallbackMetadata":{"Item":[{"Name":"Amount","Value":10},{"Name":"MpesaReceiptNumber","Value":"PEM39HKMMX"},{"Name":"Balance"},{"Name":"TransactionDate","Value":20210522194522},{"Name":"PhoneNumber","Value":254722413252}]}}}}{"Body":{"stkCallback":{"MerchantRequestID":"100663-585639-1","CheckoutRequestID":"ws_CO_28052021001930250616","ResultCode":1,"ResultDesc":"The balance is insufficient for the transaction"}}}{"Body":{"stkCallback":{"MerchantRequestID":"100135-1027130-1","CheckoutRequestID":"ws_CO_28052021165851837618","ResultCode":0,"ResultDesc":"The service request is processed successfully.","CallbackMetadata":{"Item":[{"Name":"Amount","Value":10},{"Name":"MpesaReceiptNumber","Value":"PES8GURWH6"},{"Name":"Balance"},{"Name":"TransactionDate","Value":20210528165920},{"Name":"PhoneNumber","Value":254707123833}]}}}}{"Body":{"stkCallback":{"MerchantRequestID":"9073-12716453-1","CheckoutRequestID":"ws_CO_28052021210405550340","ResultCode":1031,"ResultDesc":"Request cancelled by user"}}}{"Body":{"stkCallback":{"MerchantRequestID":"95506-2417083-1","CheckoutRequestID":"ws_CO_28052021224854558344","ResultCode":1032,"ResultDesc":"Request cancelled by user"}}}{"Body":{"stkCallback":{"MerchantRequestID":"7767-12959238-1","CheckoutRequestID":"ws_CO_29052021012057256757","ResultCode":1037,"ResultDesc":"DS timeout."}}}{"Body":{"stkCallback":{"MerchantRequestID":"61932-12889713-1","CheckoutRequestID":"ws_CO_29052021083045660282","ResultCode":1037,"ResultDesc":"DS timeout."}}}{"Body":{"stkCallback":{"MerchantRequestID":"95508-5107489-1","CheckoutRequestID":"ws_CO_30052021192156218847","ResultCode":0,"ResultDesc":"The service request is processed successfully.","CallbackMetadata":{"Item":[{"Name":"Amount","Value":10},{"Name":"MpesaReceiptNumber","Value":"PEU0JR0YLE"},{"Name":"TransactionDate","Value":20210530192205},{"Name":"PhoneNumber","Value":254722836141}]}}}}{"Body":{"stkCallback":{"MerchantRequestID":"9069-17086762-1","CheckoutRequestID":"ws_CO_31052021200111195506","ResultCode":0,"ResultDesc":"The service request is processed successfully.","CallbackMetadata":{"Item":[{"Name":"Amount","Value":10},{"Name":"MpesaReceiptNumber","Value":"PEV2L5DBM0"},{"Name":"Balance"},{"Name":"TransactionDate","Value":20210531200120},{"Name":"PhoneNumber","Value":254722836141}]}}}}{"Body":{"stkCallback":{"MerchantRequestID":"95502-10994260-1","CheckoutRequestID":"ws_CO_03062021155100896881","ResultCode":0,"ResultDesc":"The service request is processed successfully.","CallbackMetadata":{"Item":[{"Name":"Amount","Value":10},{"Name":"MpesaReceiptNumber","Value":"PF34OU5JSI"},{"Name":"Balance"},{"Name":"TransactionDate","Value":20210603155129},{"Name":"PhoneNumber","Value":254716419146}]}}}}{"Body":{"stkCallback":{"MerchantRequestID":"90147-21564512-1","CheckoutRequestID":"ws_CO_03062021212020610361","ResultCode":1031,"ResultDesc":"Request cancelled by user"}}}{"Body":{"stkCallback":{"MerchantRequestID":"100122-10675294-1","CheckoutRequestID":"ws_CO_03062021220614393647","ResultCode":1031,"ResultDesc":"Request cancelled by user"}}}{"Body":{"stkCallback":{"MerchantRequestID":"14237-22386756-1","CheckoutRequestID":"ws_CO_04062021105117371252","ResultCode":0,"ResultDesc":"The service request is processed successfully.","CallbackMetadata":{"Item":[{"Name":"Amount","Value":10},{"Name":"MpesaReceiptNumber","Value":"PF47PTVICR"},{"Name":"TransactionDate","Value":20210604105131},{"Name":"PhoneNumber","Value":254722836141}]}}}}{"Body":{"stkCallback":{"MerchantRequestID":"10880-21894403-1","CheckoutRequestID":"ws_CO_04062021110727736565","ResultCode":0,"ResultDesc":"The service request is processed successfully.","CallbackMetadata":{"Item":[{"Name":"Amount","Value":10},{"Name":"MpesaReceiptNumber","Value":"PF41PUPI8F"},{"Name":"Balance"},{"Name":"TransactionDate","Value":20210604110825},{"Name":"PhoneNumber","Value":254719690370}]}}}}{"Body":{"stkCallback":{"MerchantRequestID":"95502-15203326-1","CheckoutRequestID":"ws_CO_06062021140916431709","ResultCode":2001,"ResultDesc":"The initiator information is invalid."}}}{"Body":{"stkCallback":{"MerchantRequestID":"6054-15043444-1","CheckoutRequestID":"ws_CO_07062021102331355192","ResultCode":0,"ResultDesc":"The service request is processed successfully.","CallbackMetadata":{"Item":[{"Name":"Amount","Value":200},{"Name":"MpesaReceiptNumber","Value":"PF77TYOAXH"},{"Name":"TransactionDate","Value":20210607102350},{"Name":"PhoneNumber","Value":254722836141}]}}}}{"Body":{"stkCallback":{"MerchantRequestID":"6065-15095327-1","CheckoutRequestID":"ws_CO_07062021110845136812","ResultCode":0,"ResultDesc":"The service request is processed successfully.","CallbackMetadata":{"Item":[{"Name":"Amount","Value":200},{"Name":"MpesaReceiptNumber","Value":"PF79U0ZF2H"},{"Name":"TransactionDate","Value":20210607110902},{"Name":"PhoneNumber","Value":254716419146}]}}}}{"Body":{"stkCallback":{"MerchantRequestID":"95493-16334039-1","CheckoutRequestID":"ws_CO_07062021112912485879","ResultCode":1032,"ResultDesc":"Request cancelled by user"}}}{"Body":{"stkCallback":{"MerchantRequestID":"10880-26089474-1","CheckoutRequestID":"ws_CO_07062021113220668778","ResultCode":1032,"ResultDesc":"Request cancelled by user"}}}{"Body":{"stkCallback":{"MerchantRequestID":"6067-15178280-1","CheckoutRequestID":"ws_CO_07062021121703988255","ResultCode":0,"ResultDesc":"The service request is processed successfully.","CallbackMetadata":{"Item":[{"Name":"Amount","Value":200},{"Name":"MpesaReceiptNumber","Value":"PF79U4HKQR"},{"Name":"Balance"},{"Name":"TransactionDate","Value":20210607121712},{"Name":"PhoneNumber","Value":254722836141}]}}}}{"Body":{"stkCallback":{"MerchantRequestID":"6059-15219575-1","CheckoutRequestID":"ws_CO_07062021125055241554","ResultCode":0,"ResultDesc":"The service request is processed successfully.","CallbackMetadata":{"Item":[{"Name":"Amount","Value":200},{"Name":"MpesaReceiptNumber","Value":"PF75U69DWZ"},{"Name":"Balance"},{"Name":"TransactionDate","Value":20210607125110},{"Name":"PhoneNumber","Value":254722836141}]}}}}{"Body":{"stkCallback":{"MerchantRequestID":"95493-16456226-1","CheckoutRequestID":"ws_CO_07062021130822702842","ResultCode":0,"ResultDesc":"The service request is processed successfully.","CallbackMetadata":{"Item":[{"Name":"Amount","Value":200},{"Name":"MpesaReceiptNumber","Value":"PF70U76D0O"},{"Name":"Balance"},{"Name":"TransactionDate","Value":20210607130828},{"Name":"PhoneNumber","Value":254722836141}]}}}}{"Body":{"stkCallback":{"MerchantRequestID":"100125-15595778-1","CheckoutRequestID":"ws_CO_07062021131140562088","ResultCode":1,"ResultDesc":"The balance is insufficient for the transaction"}}}{"Body":{"stkCallback":{"MerchantRequestID":"10892-26212220-1","CheckoutRequestID":"ws_CO_07062021131335489516","ResultCode":0,"ResultDesc":"The service request is processed successfully.","CallbackMetadata":{"Item":[{"Name":"Amount","Value":200},{"Name":"MpesaReceiptNumber","Value":"PF79U7GGAZ"},{"Name":"Balance"},{"Name":"TransactionDate","Value":20210607131345},{"Name":"PhoneNumber","Value":254719690370}]}}}}{"Body":{"stkCallback":{"MerchantRequestID":"61929-26617146-1","CheckoutRequestID":"ws_CO_07062021141125815892","ResultCode":0,"ResultDesc":"The service request is processed successfully.","CallbackMetadata":{"Item":[{"Name":"Amount","Value":200},{"Name":"MpesaReceiptNumber","Value":"PF70UAJPYC"},{"Name":"Balance"},{"Name":"TransactionDate","Value":20210607141132},{"Name":"PhoneNumber","Value":254722836141}]}}}}{"Body":{"stkCallback":{"MerchantRequestID":"2527-26394392-1","CheckoutRequestID":"ws_CO_07062021155213565430","ResultCode":1,"ResultDesc":"The balance is insufficient for the transaction"}}}{"Body":{"stkCallback":{"MerchantRequestID":"6069-15449623-1","CheckoutRequestID":"ws_CO_07062021155330563002","ResultCode":0,"ResultDesc":"The service request is processed successfully.","CallbackMetadata":{"Item":[{"Name":"Amount","Value":200},{"Name":"MpesaReceiptNumber","Value":"PF73UFVUWF"},{"Name":"TransactionDate","Value":20210607155351},{"Name":"PhoneNumber","Value":254716419146}]}}}}{"Body":{"stkCallback":{"MerchantRequestID":"2520-26405253-1","CheckoutRequestID":"ws_CO_07062021160102881632","ResultCode":0,"ResultDesc":"The service request is processed successfully.","CallbackMetadata":{"Item":[{"Name":"Amount","Value":200},{"Name":"MpesaReceiptNumber","Value":"PF77UGAACJ"},{"Name":"Balance"},{"Name":"TransactionDate","Value":20210607160125},{"Name":"PhoneNumber","Value":254707123833}]}}}}{"Body":{"stkCallback":{"MerchantRequestID":"95505-16761225-1","CheckoutRequestID":"ws_CO_07062021170759902674","ResultCode":0,"ResultDesc":"The service request is processed successfully.","CallbackMetadata":{"Item":[{"Name":"Amount","Value":200},{"Name":"MpesaReceiptNumber","Value":"PF75UJZQP5"},{"Name":"TransactionDate","Value":20210607170809},{"Name":"PhoneNumber","Value":254726501002}]}}}}{"Body":{"stkCallback":{"MerchantRequestID":"100136-15904369-1","CheckoutRequestID":"ws_CO_07062021171411076506","ResultCode":0,"ResultDesc":"The service request is processed successfully.","CallbackMetadata":{"Item":[{"Name":"Amount","Value":200},{"Name":"MpesaReceiptNumber","Value":"PF76UKD328"},{"Name":"TransactionDate","Value":20210607171421},{"Name":"PhoneNumber","Value":254726501002}]}}}}{"Body":{"stkCallback":{"MerchantRequestID":"61926-27241590-1","CheckoutRequestID":"ws_CO_07062021215044252267","ResultCode":0,"ResultDesc":"The service request is processed successfully.","CallbackMetadata":{"Item":[{"Name":"Amount","Value":200},{"Name":"MpesaReceiptNumber","Value":"PF76V2DQWW"},{"Name":"Balance"},{"Name":"TransactionDate","Value":20210607215107},{"Name":"PhoneNumber","Value":254722413252}]}}}}{"Body":{"stkCallback":{"MerchantRequestID":"14242-27529204-1","CheckoutRequestID":"ws_CO_07062021215552757184","ResultCode":0,"ResultDesc":"The service request is processed successfully.","CallbackMetadata":{"Item":[{"Name":"Amount","Value":200},{"Name":"MpesaReceiptNumber","Value":"PF78V2JKXI"},{"Name":"TransactionDate","Value":20210607215603},{"Name":"PhoneNumber","Value":254726501002}]}}}}{"Body":{"stkCallback":{"MerchantRequestID":"100130-16329047-1","CheckoutRequestID":"ws_CO_07062021221804115939","ResultCode":0,"ResultDesc":"The service request is processed successfully.","CallbackMetadata":{"Item":[{"Name":"Amount","Value":200},{"Name":"MpesaReceiptNumber","Value":"PF79V35MWB"},{"Name":"TransactionDate","Value":20210607221812},{"Name":"PhoneNumber","Value":254722836141}]}}}}{"Body":{"stkCallback":{"MerchantRequestID":"90155-27277846-1","CheckoutRequestID":"ws_CO_07062021222357084347","ResultCode":1,"ResultDesc":"The balance is insufficient for the transaction"}}}{"Body":{"stkCallback":{"MerchantRequestID":"14245-27560102-1","CheckoutRequestID":"ws_CO_07062021222442742687","ResultCode":0,"ResultDesc":"The service request is processed successfully.","CallbackMetadata":{"Item":[{"Name":"Amount","Value":200},{"Name":"MpesaReceiptNumber","Value":"PF73V3B5TJ"},{"Name":"TransactionDate","Value":20210607222452},{"Name":"PhoneNumber","Value":254726501002}]}}}}{"Body":{"stkCallback":{"MerchantRequestID":"100127-16890373-1","CheckoutRequestID":"ws_CO_08062021083002976495","ResultCode":0,"ResultDesc":"The service request is processed successfully.","CallbackMetadata":{"Item":[{"Name":"Amount","Value":200},{"Name":"MpesaReceiptNumber","Value":"PF87V974OR"},{"Name":"TransactionDate","Value":20210608083016},{"Name":"PhoneNumber","Value":254722836141}]}}}}{"Body":{"stkCallback":{"MerchantRequestID":"95507-17758874-1","CheckoutRequestID":"ws_CO_08062021083326711887","ResultCode":0,"ResultDesc":"The service request is processed successfully.","CallbackMetadata":{"Item":[{"Name":"Amount","Value":200},{"Name":"MpesaReceiptNumber","Value":"PF80V9C9LI"},{"Name":"Balance"},{"Name":"TransactionDate","Value":20210608083343},{"Name":"PhoneNumber","Value":254722413252}]}}}}{"Body":{"stkCallback":{"MerchantRequestID":"14235-28144033-1","CheckoutRequestID":"ws_CO_08062021084813910019","ResultCode":0,"ResultDesc":"The service request is processed successfully.","CallbackMetadata":{"Item":[{"Name":"Amount","Value":200},{"Name":"MpesaReceiptNumber","Value":"PF85V9YHQX"},{"Name":"TransactionDate","Value":20210608084830},{"Name":"PhoneNumber","Value":254716419146}]}}}}{"Body":{"stkCallback":{"MerchantRequestID":"95489-18265807-1","CheckoutRequestID":"ws_CO_08062021153343683518","ResultCode":1,"ResultDesc":"The balance is insufficient for the transaction"}}}{"Body":{"stkCallback":{"MerchantRequestID":"14245-29663788-1","CheckoutRequestID":"ws_CO_09062021025941288597","ResultCode":1,"ResultDesc":"The balance is insufficient for the transaction"}}}{"Body":{"stkCallback":{"MerchantRequestID":"2497-28981849-1","CheckoutRequestID":"ws_CO_09062021030108298166","ResultCode":0,"ResultDesc":"The service request is processed successfully.","CallbackMetadata":{"Item":[{"Name":"Amount","Value":200},{"Name":"MpesaReceiptNumber","Value":"PF95WJ22H3"},{"Name":"TransactionDate","Value":20210609030124},{"Name":"PhoneNumber","Value":254716419146}]}}}}{"Body":{"stkCallback":{"MerchantRequestID":"10863-29139649-1","CheckoutRequestID":"ws_CO_09062021074559630721","ResultCode":0,"ResultDesc":"The service request is processed successfully.","CallbackMetadata":{"Item":[{"Name":"Amount","Value":200},{"Name":"MpesaReceiptNumber","Value":"PF96WLLNAO"},{"Name":"TransactionDate","Value":20210609074606},{"Name":"PhoneNumber","Value":254722836141}]}}}}{"Body":{"stkCallback":{"MerchantRequestID":"2519-29123764-1","CheckoutRequestID":"ws_CO_09062021074825750517","ResultCode":1,"ResultDesc":"The balance is insufficient for the transaction"}}}{"Body":{"stkCallback":{"MerchantRequestID":"14241-29813271-1","CheckoutRequestID":"ws_CO_09062021074926387999","ResultCode":0,"ResultDesc":"The service request is processed successfully.","CallbackMetadata":{"Item":[{"Name":"Amount","Value":200},{"Name":"MpesaReceiptNumber","Value":"PF99WLPKSD"},{"Name":"Balance"},{"Name":"TransactionDate","Value":20210609074939},{"Name":"PhoneNumber","Value":254722413252}]}}}}{"Body":{"stkCallback":{"MerchantRequestID":"6061-18214789-1","CheckoutRequestID":"ws_CO_09062021075420531099","ResultCode":1,"ResultDesc":"The balance is insufficient for the transaction"}}}{"Body":{"stkCallback":{"MerchantRequestID":"10871-29147482-1","CheckoutRequestID":"ws_CO_09062021075519483682","ResultCode":0,"ResultDesc":"The service request is processed successfully.","CallbackMetadata":{"Item":[{"Name":"Amount","Value":200},{"Name":"MpesaReceiptNumber","Value":"PF90WLWQ9K"},{"Name":"TransactionDate","Value":20210609075546},{"Name":"PhoneNumber","Value":254716419146}]}}}}{"Body":{"stkCallback":{"MerchantRequestID":"10878-29152760-1","CheckoutRequestID":"ws_CO_09062021080119833219","ResultCode":0,"ResultDesc":"The service request is processed successfully.","CallbackMetadata":{"Item":[{"Name":"Amount","Value":200},{"Name":"MpesaReceiptNumber","Value":"PF99WM3REL"},{"Name":"TransactionDate","Value":20210609080129},{"Name":"PhoneNumber","Value":254722836141}]}}}}{"Body":{"stkCallback":{"MerchantRequestID":"61924-29524521-1","CheckoutRequestID":"ws_CO_09062021080615844438","ResultCode":0,"ResultDesc":"The service request is processed successfully.","CallbackMetadata":{"Item":[{"Name":"Amount","Value":200},{"Name":"MpesaReceiptNumber","Value":"PF98WMADG0"},{"Name":"TransactionDate","Value":20210609080622},{"Name":"PhoneNumber","Value":254722836141}]}}}}{"Body":{"stkCallback":{"MerchantRequestID":"6061-18228253-1","CheckoutRequestID":"ws_CO_09062021080914953140","ResultCode":0,"ResultDesc":"The service request is processed successfully.","CallbackMetadata":{"Item":[{"Name":"Amount","Value":200},{"Name":"MpesaReceiptNumber","Value":"PF94WMEC68"},{"Name":"Balance"},{"Name":"TransactionDate","Value":20210609080922},{"Name":"PhoneNumber","Value":254719690370}]}}}}{"Body":{"stkCallback":{"MerchantRequestID":"90147-29531345-1","CheckoutRequestID":"ws_CO_09062021081137931973","ResultCode":0,"ResultDesc":"The service request is processed successfully.","CallbackMetadata":{"Item":[{"Name":"Amount","Value":200},{"Name":"MpesaReceiptNumber","Value":"PF93WMHX0T"},{"Name":"Balance"},{"Name":"TransactionDate","Value":20210609081201},{"Name":"PhoneNumber","Value":254722413252}]}}}}{"Body":{"stkCallback":{"MerchantRequestID":"6062-18453929-1","CheckoutRequestID":"ws_CO_09062021111947032999","ResultCode":1,"ResultDesc":"The balance is insufficient for the transaction"}}}{"Body":{"stkCallback":{"MerchantRequestID":"7754-30242443-1","CheckoutRequestID":"ws_CO_09062021112020958300","ResultCode":1,"ResultDesc":"The balance is insufficient for the transaction"}}}{"Body":{"stkCallback":{"MerchantRequestID":"95497-19705588-1","CheckoutRequestID":"ws_CO_09062021114428691817","ResultCode":1,"ResultDesc":"The balance is insufficient for the transaction"}}}{"Body":{"stkCallback":{"MerchantRequestID":"2507-29424537-1","CheckoutRequestID":"ws_CO_09062021120824044118","ResultCode":1,"ResultDesc":"The balance is insufficient for the transaction"}}}{"Body":{"stkCallback":{"MerchantRequestID":"9061-30323711-1","CheckoutRequestID":"ws_CO_09062021123219592627","ResultCode":1,"ResultDesc":"The balance is insufficient for the transaction"}}}{"Body":{"stkCallback":{"MerchantRequestID":"10875-29479605-1","CheckoutRequestID":"ws_CO_09062021123853520496","ResultCode":1032,"ResultDesc":"Request cancelled by user"}}}{"Body":{"stkCallback":{"MerchantRequestID":"100123-18911293-1","CheckoutRequestID":"ws_CO_09062021123932113347","ResultCode":1,"ResultDesc":"The balance is insufficient for the transaction"}}}{"Body":{"stkCallback":{"MerchantRequestID":"90143-29858999-1","CheckoutRequestID":"ws_CO_09062021124343433041","ResultCode":1037,"ResultDesc":"DS timeout."}}}{"Body":{"stkCallback":{"MerchantRequestID":"10874-29486902-1","CheckoutRequestID":"ws_CO_09062021124447208779","ResultCode":0,"ResultDesc":"The service request is processed successfully.","CallbackMetadata":{"Item":[{"Name":"Amount","Value":200},{"Name":"MpesaReceiptNumber","Value":"PF94WYUBZM"},{"Name":"Balance"},{"Name":"TransactionDate","Value":20210609124454},{"Name":"PhoneNumber","Value":254708027090}]}}}}{"Body":{"stkCallback":{"MerchantRequestID":"61923-29859289-1","CheckoutRequestID":"ws_CO_09062021124506435618","ResultCode":0,"ResultDesc":"The service request is processed successfully.","CallbackMetadata":{"Item":[{"Name":"Amount","Value":200},{"Name":"MpesaReceiptNumber","Value":"PF93WYV20J"},{"Name":"Balance"},{"Name":"TransactionDate","Value":20210609124518},{"Name":"PhoneNumber","Value":254703200733}]}}}}{"Body":{"stkCallback":{"MerchantRequestID":"61933-29859425-1","CheckoutRequestID":"ws_CO_09062021124512776680","ResultCode":1037,"ResultDesc":"DS timeout."}}}{"Body":{"stkCallback":{"MerchantRequestID":"7749-30351755-1","CheckoutRequestID":"ws_CO_09062021124645652770","ResultCode":1037,"ResultDesc":"DS timeout."}}}{"Body":{"stkCallback":{"MerchantRequestID":"6069-18566245-1","CheckoutRequestID":"ws_CO_09062021124858973786","ResultCode":1032,"ResultDesc":"Request cancelled by user"}}}{"Body":{"stkCallback":{"MerchantRequestID":"2510-29474790-1","CheckoutRequestID":"ws_CO_09062021124826816228","ResultCode":1037,"ResultDesc":"DS timeout."}}}{"Body":{"stkCallback":{"MerchantRequestID":"2521-29475420-1","CheckoutRequestID":"ws_CO_09062021124855217271","ResultCode":1037,"ResultDesc":"DS timeout."}}}{"Body":{"stkCallback":{"MerchantRequestID":"6059-18571862-1","CheckoutRequestID":"ws_CO_09062021125313434321","ResultCode":0,"ResultDesc":"The service request is processed successfully.","CallbackMetadata":{"Item":[{"Name":"Amount","Value":200},{"Name":"MpesaReceiptNumber","Value":"PF93WZ9RG9"},{"Name":"TransactionDate","Value":20210609125340},{"Name":"PhoneNumber","Value":254704554281}]}}}}{"Body":{"stkCallback":{"MerchantRequestID":"100130-18931577-1","CheckoutRequestID":"ws_CO_09062021125505347456","ResultCode":1,"ResultDesc":"The balance is insufficient for the transaction"}}}{"Body":{"stkCallback":{"MerchantRequestID":"100133-18930119-1","CheckoutRequestID":"ws_CO_09062021125400340612","ResultCode":1037,"ResultDesc":"DS timeout."}}}{"Body":{"stkCallback":{"MerchantRequestID":"7749-30366582-1","CheckoutRequestID":"ws_CO_09062021125756870148","ResultCode":1032,"ResultDesc":"Request cancelled by user"}}}{"Body":{"stkCallback":{"MerchantRequestID":"7753-30366929-1","CheckoutRequestID":"ws_CO_09062021125811938488","ResultCode":0,"ResultDesc":"The service request is processed successfully.","CallbackMetadata":{"Item":[{"Name":"Amount","Value":200},{"Name":"MpesaReceiptNumber","Value":"PF90WZI3TS"},{"Name":"Balance"},{"Name":"TransactionDate","Value":20210609125818},{"Name":"PhoneNumber","Value":254720052468}]}}}}{"Body":{"stkCallback":{"MerchantRequestID":"7749-30367984-1","CheckoutRequestID":"ws_CO_09062021125900322791","ResultCode":1032,"ResultDesc":"Request cancelled by user"}}}{"Body":{"stkCallback":{"MerchantRequestID":"6054-18580553-1","CheckoutRequestID":"ws_CO_09062021125954115215","ResultCode":1,"ResultDesc":"The balance is insufficient for the transaction"}}}{"Body":{"stkCallback":{"MerchantRequestID":"61936-29878542-1","CheckoutRequestID":"ws_CO_09062021125951623372","ResultCode":1032,"ResultDesc":"Request cancelled by user"}}}{"Body":{"stkCallback":{"MerchantRequestID":"100133-18939294-1","CheckoutRequestID":"ws_CO_09062021130059201773","ResultCode":1,"ResultDesc":"The balance is insufficient for the transaction"}}}{"Body":{"stkCallback":{"MerchantRequestID":"90145-29884066-1","CheckoutRequestID":"ws_CO_09062021130254569679","ResultCode":0,"ResultDesc":"The service request is processed successfully.","CallbackMetadata":{"Item":[{"Name":"Amount","Value":200},{"Name":"MpesaReceiptNumber","Value":"PF98WZQEHE"},{"Name":"Balance"},{"Name":"TransactionDate","Value":20210609130303},{"Name":"PhoneNumber","Value":254721906650}]}}}}{"Body":{"stkCallback":{"MerchantRequestID":"14243-30190232-1","CheckoutRequestID":"ws_CO_09062021130330844229","ResultCode":1,"ResultDesc":"The balance is insufficient for the transaction"}}}{"Body":{"stkCallback":{"MerchantRequestID":"10893-29511640-1","CheckoutRequestID":"ws_CO_09062021130400795442","ResultCode":1032,"ResultDesc":"Request cancelled by user"}}}{"Body":{"stkCallback":{"MerchantRequestID":"14242-30190944-1","CheckoutRequestID":"ws_CO_09062021130404264279","ResultCode":1037,"ResultDesc":"DS timeout."}}}{"Body":{"stkCallback":{"MerchantRequestID":"7760-30376168-1","CheckoutRequestID":"ws_CO_09062021130520785360","ResultCode":1,"ResultDesc":"The balance is insufficient for the transaction"}}}{"Body":{"stkCallback":{"MerchantRequestID":"95488-19809067-1","CheckoutRequestID":"ws_CO_09062021130557356637","ResultCode":1,"ResultDesc":"The balance is insufficient for the transaction"}}}{"Body":{"stkCallback":{"MerchantRequestID":"100130-18945936-1","CheckoutRequestID":"ws_CO_09062021130613740089","ResultCode":1,"ResultDesc":"The balance is insufficient for the transaction"}}}{"Body":{"stkCallback":{"MerchantRequestID":"10876-29514453-1","CheckoutRequestID":"ws_CO_09062021130614129418","ResultCode":1,"ResultDesc":"The balance is insufficient for the transaction"}}}{"Body":{"stkCallback":{"MerchantRequestID":"95494-19810387-1","CheckoutRequestID":"ws_CO_09062021130701684628","ResultCode":1,"ResultDesc":"The balance is insufficient for the transaction"}}}{"Body":{"stkCallback":{"MerchantRequestID":"14229-30193919-1","CheckoutRequestID":"ws_CO_09062021130624712765","ResultCode":1037,"ResultDesc":"DS timeout."}}}{"Body":{"stkCallback":{"MerchantRequestID":"90154-29889404-1","CheckoutRequestID":"ws_CO_09062021130710060063","ResultCode":0,"ResultDesc":"The service request is processed successfully.","CallbackMetadata":{"Item":[{"Name":"Amount","Value":200},{"Name":"MpesaReceiptNumber","Value":"PF90WZYENM"},{"Name":"TransactionDate","Value":20210609130741},{"Name":"PhoneNumber","Value":254724689381}]}}}}{"Body":{"stkCallback":{"MerchantRequestID":"7758-30378336-1","CheckoutRequestID":"ws_CO_09062021130703952137","ResultCode":1037,"ResultDesc":"DS timeout."}}}{"Body":{"stkCallback":{"MerchantRequestID":"7753-30380183-1","CheckoutRequestID":"ws_CO_09062021130830396009","ResultCode":1037,"ResultDesc":"DS timeout."}}}{"Body":{"stkCallback":{"MerchantRequestID":"10889-29519001-1","CheckoutRequestID":"ws_CO_09062021131001613255","ResultCode":1032,"ResultDesc":"Request cancelled by user"}}}{"Body":{"stkCallback":{"MerchantRequestID":"61927-29893851-1","CheckoutRequestID":"ws_CO_09062021131206045753","ResultCode":1,"ResultDesc":"The balance is insufficient for the transaction"}}}{"Body":{"stkCallback":{"MerchantRequestID":"10873-29522709-1","CheckoutRequestID":"ws_CO_09062021131259888011","ResultCode":1,"ResultDesc":"The balance is insufficient for the transaction"}}}{"Body":{"stkCallback":{"MerchantRequestID":"2524-29505132-1","CheckoutRequestID":"ws_CO_09062021131221997657","ResultCode":1037,"ResultDesc":"DS timeout."}}}{"Body":{"stkCallback":{"MerchantRequestID":"10889-29524341-1","CheckoutRequestID":"ws_CO_09062021131418084773","ResultCode":1,"ResultDesc":"The balance is insufficient for the transaction"}}}{"Body":{"stkCallback":{"MerchantRequestID":"7760-30390477-1","CheckoutRequestID":"ws_CO_09062021131636721900","ResultCode":1,"ResultDesc":"The balance is insufficient for the transaction"}}}{"Body":{"stkCallback":{"MerchantRequestID":"14240-30204907-1","CheckoutRequestID":"ws_CO_09062021131508357840","ResultCode":1037,"ResultDesc":"DS timeout."}}}{"Body":{"stkCallback":{"MerchantRequestID":"6052-18602233-1","CheckoutRequestID":"ws_CO_09062021131658621802","ResultCode":1,"ResultDesc":"The balance is insufficient for the transaction"}}}{"Body":{"stkCallback":{"MerchantRequestID":"10884-29530647-1","CheckoutRequestID":"ws_CO_09062021131921887026","ResultCode":1,"ResultDesc":"The balance is insufficient for the transaction"}}}{"Body":{"stkCallback":{"MerchantRequestID":"7749-30393456-1","CheckoutRequestID":"ws_CO_09062021131857982994","ResultCode":1032,"ResultDesc":"Request cancelled by user"}}}{"Body":{"stkCallback":{"MerchantRequestID":"14236-30211878-1","CheckoutRequestID":"ws_CO_09062021132037503727","ResultCode":1037,"ResultDesc":"DS timeout."}}}{"Body":{"stkCallback":{"MerchantRequestID":"9083-30386955-1","CheckoutRequestID":"ws_CO_09062021132118571547","ResultCode":0,"ResultDesc":"The service request is processed successfully.","CallbackMetadata":{"Item":[{"Name":"Amount","Value":200},{"Name":"MpesaReceiptNumber","Value":"PF94X0NPCG"},{"Name":"TransactionDate","Value":20210609132203},{"Name":"PhoneNumber","Value":254743775695}]}}}}{"Body":{"stkCallback":{"MerchantRequestID":"6054-18607104-1","CheckoutRequestID":"ws_CO_09062021132052189260","ResultCode":1037,"ResultDesc":"DS timeout."}}}{"Body":{"stkCallback":{"MerchantRequestID":"9074-30390809-1","CheckoutRequestID":"ws_CO_09062021132414421354","ResultCode":1,"ResultDesc":"The balance is insufficient for the transaction"}}}{"Body":{"stkCallback":{"MerchantRequestID":"10887-29536243-1","CheckoutRequestID":"ws_CO_09062021132343867180","ResultCode":0,"ResultDesc":"The service request is processed successfully.","CallbackMetadata":{"Item":[{"Name":"Amount","Value":200},{"Name":"MpesaReceiptNumber","Value":"PF90X0RRIK"},{"Name":"Balance"},{"Name":"TransactionDate","Value":20210609132417},{"Name":"PhoneNumber","Value":254707571207}]}}}}{"Body":{"stkCallback":{"MerchantRequestID":"61921-29909077-1","CheckoutRequestID":"ws_CO_09062021132405799708","ResultCode":1031,"ResultDesc":"Request cancelled by user"}}}{"Body":{"stkCallback":{"MerchantRequestID":"9069-30391543-1","CheckoutRequestID":"ws_CO_09062021132448978597","ResultCode":1,"ResultDesc":"The balance is insufficient for the transaction"}}}{"Body":{"stkCallback":{"MerchantRequestID":"100137-18972099-1","CheckoutRequestID":"ws_CO_09062021132646966919","ResultCode":1,"ResultDesc":"The balance is insufficient for the transaction"}}}{"Body":{"stkCallback":{"MerchantRequestID":"6052-18623948-1","CheckoutRequestID":"ws_CO_09062021133345314639","ResultCode":0,"ResultDesc":"The service request is processed successfully.","CallbackMetadata":{"Item":[{"Name":"Amount","Value":200},{"Name":"MpesaReceiptNumber","Value":"PF94X1982G"},{"Name":"Balance"},{"Name":"TransactionDate","Value":20210609133402},{"Name":"PhoneNumber","Value":254758098858}]}}}}{"Body":{"stkCallback":{"MerchantRequestID":"90150-29923963-1","CheckoutRequestID":"ws_CO_09062021133411404557","ResultCode":0,"ResultDesc":"The service request is processed successfully.","CallbackMetadata":{"Item":[{"Name":"Amount","Value":200},{"Name":"MpesaReceiptNumber","Value":"PF90X19W3C"},{"Name":"Balance"},{"Name":"TransactionDate","Value":20210609133425},{"Name":"PhoneNumber","Value":254711369236}]}}}}{"Body":{"stkCallback":{"MerchantRequestID":"6052-18624678-1","CheckoutRequestID":"ws_CO_09062021133418410637","ResultCode":0,"ResultDesc":"The service request is processed successfully.","CallbackMetadata":{"Item":[{"Name":"Amount","Value":200},{"Name":"MpesaReceiptNumber","Value":"PF96X1AB8I"},{"Name":"Balance"},{"Name":"TransactionDate","Value":20210609133436},{"Name":"PhoneNumber","Value":254746806637}]}}}}{"Body":{"stkCallback":{"MerchantRequestID":"9071-30405813-1","CheckoutRequestID":"ws_CO_09062021133538009077","ResultCode":1,"ResultDesc":"The balance is insufficient for the transaction"}}}{"Body":{"stkCallback":{"MerchantRequestID":"7760-30418892-1","CheckoutRequestID":"ws_CO_09062021133821943136","ResultCode":1,"ResultDesc":"The balance is insufficient for the transaction"}}}{"Body":{"stkCallback":{"MerchantRequestID":"6062-18629485-1","CheckoutRequestID":"ws_CO_09062021133756873406","ResultCode":1037,"ResultDesc":"DS timeout."}}}{"Body":{"stkCallback":{"MerchantRequestID":"2522-29540740-1","CheckoutRequestID":"ws_CO_09062021134016733561","ResultCode":1031,"ResultDesc":"Request cancelled by user"}}}{"Body":{"stkCallback":{"MerchantRequestID":"6069-18636923-1","CheckoutRequestID":"ws_CO_09062021134341226094","ResultCode":1031,"ResultDesc":"Request cancelled by user"}}}{"Body":{"stkCallback":{"MerchantRequestID":"10880-29562413-1","CheckoutRequestID":"ws_CO_09062021134403948433","ResultCode":1031,"ResultDesc":"Request cancelled by user"}}}{"Body":{"stkCallback":{"MerchantRequestID":"14243-30245971-1","CheckoutRequestID":"ws_CO_09062021134637510413","ResultCode":0,"ResultDesc":"The service request is processed successfully.","CallbackMetadata":{"Item":[{"Name":"Amount","Value":200},{"Name":"MpesaReceiptNumber","Value":"PF94X1WA94"},{"Name":"Balance"},{"Name":"TransactionDate","Value":20210609134652},{"Name":"PhoneNumber","Value":254768814928}]}}}}{"Body":{"stkCallback":{"MerchantRequestID":"61921-29938982-1","CheckoutRequestID":"ws_CO_09062021134709115847","ResultCode":1,"ResultDesc":"The balance is insufficient for the transaction"}}}{"Body":{"stkCallback":{"MerchantRequestID":"2516-29550571-1","CheckoutRequestID":"ws_CO_09062021134752673357","ResultCode":0,"ResultDesc":"The service request is processed successfully.","CallbackMetadata":{"Item":[{"Name":"Amount","Value":200},{"Name":"MpesaReceiptNumber","Value":"PF98X1Y7US"},{"Name":"Balance"},{"Name":"TransactionDate","Value":20210609134758},{"Name":"PhoneNumber","Value":254728320791}]}}}}{"Body":{"stkCallback":{"MerchantRequestID":"90151-29942380-1","CheckoutRequestID":"ws_CO_09062021134819293498","ResultCode":1031,"ResultDesc":"Request cancelled by user"}}}{"Body":{"stkCallback":{"MerchantRequestID":"100133-19003872-1","CheckoutRequestID":"ws_CO_09062021135105560286","ResultCode":1032,"ResultDesc":"Request cancelled by user"}}}{"Body":{"stkCallback":{"MerchantRequestID":"61940-29943974-1","CheckoutRequestID":"ws_CO_09062021135104899600","ResultCode":1032,"ResultDesc":"Request cancelled by user"}}}{"Body":{"stkCallback":{"MerchantRequestID":"9076-30427635-1","CheckoutRequestID":"ws_CO_09062021135218351684","ResultCode":1031,"ResultDesc":"Request cancelled by user"}}}{"Body":{"stkCallback":{"MerchantRequestID":"7752-30438649-1","CheckoutRequestID":"ws_CO_09062021135322975208","ResultCode":0,"ResultDesc":"The service request is processed successfully.","CallbackMetadata":{"Item":[{"Name":"Amount","Value":200},{"Name":"MpesaReceiptNumber","Value":"PF92X28CPM"},{"Name":"Balance"},{"Name":"TransactionDate","Value":20210609135338},{"Name":"PhoneNumber","Value":254759150183}]}}}}{"Body":{"stkCallback":{"MerchantRequestID":"7752-30439834-1","CheckoutRequestID":"ws_CO_09062021135416323313","ResultCode":1032,"ResultDesc":"Request cancelled by user"}}}{"Body":{"stkCallback":{"MerchantRequestID":"9074-30432168-1","CheckoutRequestID":"ws_CO_09062021135541375790","ResultCode":1,"ResultDesc":"The balance is insufficient for the transaction"}}}{"Body":{"stkCallback":{"MerchantRequestID":"10890-29579771-1","CheckoutRequestID":"ws_CO_09062021135729547273","ResultCode":1,"ResultDesc":"The balance is insufficient for the transaction"}}}{"Body":{"stkCallback":{"MerchantRequestID":"61939-29953006-1","CheckoutRequestID":"ws_CO_09062021135756017518","ResultCode":0,"ResultDesc":"The service request is processed successfully.","CallbackMetadata":{"Item":[{"Name":"Amount","Value":200},{"Name":"MpesaReceiptNumber","Value":"PF92X2GPBA"},{"Name":"TransactionDate","Value":20210609135815},{"Name":"PhoneNumber","Value":254745167636}]}}}}{"Body":{"stkCallback":{"MerchantRequestID":"10864-29581242-1","CheckoutRequestID":"ws_CO_09062021135837285753","ResultCode":1037,"ResultDesc":"DS timeout."}}}{"Body":{"stkCallback":{"MerchantRequestID":"61940-29959695-1","CheckoutRequestID":"ws_CO_09062021140259776347","ResultCode":1,"ResultDesc":"The balance is insufficient for the transaction"}}}{"Body":{"stkCallback":{"MerchantRequestID":"95497-19882762-1","CheckoutRequestID":"ws_CO_09062021140246720189","ResultCode":1031,"ResultDesc":"Request cancelled by user"}}}{"Body":{"stkCallback":{"MerchantRequestID":"14229-30268366-1","CheckoutRequestID":"ws_CO_09062021140342140569","ResultCode":1037,"ResultDesc":"DS timeout."}}}{"Body":{"stkCallback":{"MerchantRequestID":"9076-30447484-1","CheckoutRequestID":"ws_CO_09062021140723895929","ResultCode":0,"ResultDesc":"The service request is processed successfully.","CallbackMetadata":{"Item":[{"Name":"Amount","Value":200},{"Name":"MpesaReceiptNumber","Value":"PF98X2X4QA"},{"Name":"TransactionDate","Value":20210609140734},{"Name":"PhoneNumber","Value":254715341602}]}}}}{"Body":{"stkCallback":{"MerchantRequestID":"100131-19025951-1","CheckoutRequestID":"ws_CO_09062021140804648458","ResultCode":1,"ResultDesc":"The balance is insufficient for the transaction"}}}{"Body":{"stkCallback":{"MerchantRequestID":"2516-29596400-1","CheckoutRequestID":"ws_CO_09062021142338848098","ResultCode":0,"ResultDesc":"The service request is processed successfully.","CallbackMetadata":{"Item":[{"Name":"Amount","Value":200},{"Name":"MpesaReceiptNumber","Value":"PF95X3Q33H"},{"Name":"Balance"},{"Name":"TransactionDate","Value":20210609142409},{"Name":"PhoneNumber","Value":254711237307}]}}}}{"Body":{"stkCallback":{"MerchantRequestID":"100138-19050026-1","CheckoutRequestID":"ws_CO_09062021142639949846","ResultCode":1,"ResultDesc":"The balance is insufficient for the transaction"}}}{"Body":{"stkCallback":{"MerchantRequestID":"90149-29993379-1","CheckoutRequestID":"ws_CO_09062021142749155087","ResultCode":1,"ResultDesc":"The balance is insufficient for the transaction"}}}{"Body":{"stkCallback":{"MerchantRequestID":"14232-30302172-1","CheckoutRequestID":"ws_CO_09062021142947166902","ResultCode":1,"ResultDesc":"The balance is insufficient for the transaction"}}}{"Body":{"stkCallback":{"MerchantRequestID":"10892-29624135-1","CheckoutRequestID":"ws_CO_09062021143216146798","ResultCode":1032,"ResultDesc":"Request cancelled by user"}}}{"Body":{"stkCallback":{"MerchantRequestID":"9081-30481606-1","CheckoutRequestID":"ws_CO_09062021143336850430","ResultCode":1,"ResultDesc":"The balance is insufficient for the transaction"}}}{"Body":{"stkCallback":{"MerchantRequestID":"14241-30307026-1","CheckoutRequestID":"ws_CO_09062021143330138594","ResultCode":0,"ResultDesc":"The service request is processed successfully.","CallbackMetadata":{"Item":[{"Name":"Amount","Value":200},{"Name":"MpesaReceiptNumber","Value":"PF99X46PB5"},{"Name":"Balance"},{"Name":"TransactionDate","Value":20210609143341},{"Name":"PhoneNumber","Value":254727658869}]}}}}{"Body":{"stkCallback":{"MerchantRequestID":"6065-18703344-1","CheckoutRequestID":"ws_CO_09062021143447725546","ResultCode":1,"ResultDesc":"The balance is insufficient for the transaction"}}}{"Body":{"stkCallback":{"MerchantRequestID":"90150-30003878-1","CheckoutRequestID":"ws_CO_09062021143600842353","ResultCode":0,"ResultDesc":"The service request is processed successfully.","CallbackMetadata":{"Item":[{"Name":"Amount","Value":200},{"Name":"MpesaReceiptNumber","Value":"PF91X4AZ8B"},{"Name":"TransactionDate","Value":20210609143613},{"Name":"PhoneNumber","Value":254706581342}]}}}}{"Body":{"stkCallback":{"MerchantRequestID":"90151-30019969-1","CheckoutRequestID":"ws_CO_09062021144838318910","ResultCode":1,"ResultDesc":"The balance is insufficient for the transaction"}}}{"Body":{"stkCallback":{"MerchantRequestID":"9089-30501206-1","CheckoutRequestID":"ws_CO_09062021144849966541","ResultCode":1,"ResultDesc":"The balance is insufficient for the transaction"}}}{"Body":{"stkCallback":{"MerchantRequestID":"10892-29647629-1","CheckoutRequestID":"ws_CO_09062021145054116115","ResultCode":1032,"ResultDesc":"Request cancelled by user"}}}{"Body":{"stkCallback":{"MerchantRequestID":"9082-30506477-1","CheckoutRequestID":"ws_CO_09062021145252666538","ResultCode":0,"ResultDesc":"The service request is processed successfully.","CallbackMetadata":{"Item":[{"Name":"Amount","Value":200},{"Name":"MpesaReceiptNumber","Value":"PF92X53PTM"},{"Name":"Balance"},{"Name":"TransactionDate","Value":20210609145258},{"Name":"PhoneNumber","Value":254743641209}]}}}}{"Body":{"stkCallback":{"MerchantRequestID":"6066-18730422-1","CheckoutRequestID":"ws_CO_09062021145551979135","ResultCode":1,"ResultDesc":"The balance is insufficient for the transaction"}}}{"Body":{"stkCallback":{"MerchantRequestID":"6059-18732535-1","CheckoutRequestID":"ws_CO_09062021145735436129","ResultCode":0,"ResultDesc":"The service request is processed successfully.","CallbackMetadata":{"Item":[{"Name":"Amount","Value":200},{"Name":"MpesaReceiptNumber","Value":"PF90X5BW40"},{"Name":"Balance"},{"Name":"TransactionDate","Value":20210609145746},{"Name":"PhoneNumber","Value":254742337389}]}}}}{"Body":{"stkCallback":{"MerchantRequestID":"7766-30530887-1","CheckoutRequestID":"ws_CO_09062021150420629818","ResultCode":1,"ResultDesc":"The balance is insufficient for the transaction"}}}{"Body":{"stkCallback":{"MerchantRequestID":"14239-30362667-1","CheckoutRequestID":"ws_CO_09062021151714655863","ResultCode":1,"ResultDesc":"The balance is insufficient for the transaction"}}}{"Body":{"stkCallback":{"MerchantRequestID":"14234-30363999-1","CheckoutRequestID":"ws_CO_09062021151818317735","ResultCode":0,"ResultDesc":"The service request is processed successfully.","CallbackMetadata":{"Item":[{"Name":"Amount","Value":200},{"Name":"MpesaReceiptNumber","Value":"PF92X6BQ4W"},{"Name":"TransactionDate","Value":20210609151826},{"Name":"PhoneNumber","Value":254794424071}]}}}}{"Body":{"stkCallback":{"MerchantRequestID":"10866-29694889-1","CheckoutRequestID":"ws_CO_09062021152858632957","ResultCode":1,"ResultDesc":"The balance is insufficient for the transaction"}}}{"Body":{"stkCallback":{"MerchantRequestID":"7759-30579284-1","CheckoutRequestID":"ws_CO_09062021154230460423","ResultCode":0,"ResultDesc":"The service request is processed successfully.","CallbackMetadata":{"Item":[{"Name":"Amount","Value":200},{"Name":"MpesaReceiptNumber","Value":"PF98X7IJFQ"},{"Name":"TransactionDate","Value":20210609154256},{"Name":"PhoneNumber","Value":254113375959}]}}}}{"Body":{"stkCallback":{"MerchantRequestID":"61927-30089063-1","CheckoutRequestID":"ws_CO_09062021154450286682","ResultCode":0,"ResultDesc":"The service request is processed successfully.","CallbackMetadata":{"Item":[{"Name":"Amount","Value":200},{"Name":"MpesaReceiptNumber","Value":"PF98X7M5W4"},{"Name":"Balance"},{"Name":"TransactionDate","Value":20210609154458},{"Name":"PhoneNumber","Value":254768696377}]}}}}{"Body":{"stkCallback":{"MerchantRequestID":"2501-29712800-1","CheckoutRequestID":"ws_CO_09062021155615346625","ResultCode":0,"ResultDesc":"The service request is processed successfully.","CallbackMetadata":{"Item":[{"Name":"Amount","Value":200},{"Name":"MpesaReceiptNumber","Value":"PF95X86MF1"},{"Name":"Balance"},{"Name":"TransactionDate","Value":20210609155632},{"Name":"PhoneNumber","Value":254758875157}]}}}}{"Body":{"stkCallback":{"MerchantRequestID":"14242-30438338-1","CheckoutRequestID":"ws_CO_09062021161623596283","ResultCode":1,"ResultDesc":"The balance is insufficient for the transaction"}}}{"Body":{"stkCallback":{"MerchantRequestID":"90139-30134020-1","CheckoutRequestID":"ws_CO_09062021161810646157","ResultCode":1,"ResultDesc":"The balance is insufficient for the transaction"}}}{"Body":{"stkCallback":{"MerchantRequestID":"61916-30155274-1","CheckoutRequestID":"ws_CO_09062021163544014314","ResultCode":0,"ResultDesc":"The service request is processed successfully.","CallbackMetadata":{"Item":[{"Name":"Amount","Value":200},{"Name":"MpesaReceiptNumber","Value":"PF99XA7CLV"},{"Name":"Balance"},{"Name":"TransactionDate","Value":20210609163600},{"Name":"PhoneNumber","Value":254740076533}]}}}}{"Body":{"stkCallback":{"MerchantRequestID":"90145-30161587-1","CheckoutRequestID":"ws_CO_09062021163914381986","ResultCode":1,"ResultDesc":"The balance is insufficient for the transaction"}}}{"Body":{"stkCallback":{"MerchantRequestID":"9071-30644955-1","CheckoutRequestID":"ws_CO_09062021163950972093","ResultCode":1,"ResultDesc":"The balance is insufficient for the transaction"}}}{"Body":{"stkCallback":{"MerchantRequestID":"7760-30674145-1","CheckoutRequestID":"ws_CO_09062021165417526636","ResultCode":1,"ResultDesc":"The balance is insufficient for the transaction"}}}{"Body":{"stkCallback":{"MerchantRequestID":"2518-29808261-1","CheckoutRequestID":"ws_CO_09062021170942711499","ResultCode":1,"ResultDesc":"The balance is insufficient for the transaction"}}}{"Body":{"stkCallback":{"MerchantRequestID":"10892-29825620-1","CheckoutRequestID":"ws_CO_09062021171059823958","ResultCode":1,"ResultDesc":"The balance is insufficient for the transaction"}}}{"Body":{"stkCallback":{"MerchantRequestID":"10883-29826648-1","CheckoutRequestID":"ws_CO_09062021171146400355","ResultCode":1,"ResultDesc":"The balance is insufficient for the transaction"}}}{"Body":{"stkCallback":{"MerchantRequestID":"7746-30698921-1","CheckoutRequestID":"ws_CO_09062021171238085459","ResultCode":1,"ResultDesc":"The balance is insufficient for the transaction"}}}{"Body":{"stkCallback":{"MerchantRequestID":"2509-29812904-1","CheckoutRequestID":"ws_CO_09062021171313881899","ResultCode":1,"ResultDesc":"The balance is insufficient for the transaction"}}}{"Body":{"stkCallback":{"MerchantRequestID":"9068-30698975-1","CheckoutRequestID":"ws_CO_09062021171948488424","ResultCode":1,"ResultDesc":"The balance is insufficient for the transaction"}}}{"Body":{"stkCallback":{"MerchantRequestID":"61933-30250566-1","CheckoutRequestID":"ws_CO_09062021174614793297","ResultCode":0,"ResultDesc":"The service request is processed successfully.","CallbackMetadata":{"Item":[{"Name":"Amount","Value":200},{"Name":"MpesaReceiptNumber","Value":"PF97XEBEYV"},{"Name":"Balance"},{"Name":"TransactionDate","Value":20210609174640},{"Name":"PhoneNumber","Value":254758873491}]}}}}{"Body":{"stkCallback":{"MerchantRequestID":"90142-30265562-1","CheckoutRequestID":"ws_CO_09062021175539271090","ResultCode":0,"ResultDesc":"The service request is processed successfully.","CallbackMetadata":{"Item":[{"Name":"Amount","Value":200},{"Name":"MpesaReceiptNumber","Value":"PF96XEWL9C"},{"Name":"Balance"},{"Name":"TransactionDate","Value":20210609175547},{"Name":"PhoneNumber","Value":254759502223}]}}}}{"Body":{"stkCallback":{"MerchantRequestID":"61928-30273687-1","CheckoutRequestID":"ws_CO_09062021180234171728","ResultCode":1,"ResultDesc":"The balance is insufficient for the transaction"}}}{"Body":{"stkCallback":{"MerchantRequestID":"10878-29901278-1","CheckoutRequestID":"ws_CO_09062021180601184467","ResultCode":1,"ResultDesc":"The balance is insufficient for the transaction"}}}{"Body":{"stkCallback":{"MerchantRequestID":"9081-30767753-1","CheckoutRequestID":"ws_CO_09062021180820427261","ResultCode":0,"ResultDesc":"The service request is processed successfully.","CallbackMetadata":{"Item":[{"Name":"Amount","Value":200},{"Name":"MpesaReceiptNumber","Value":"PF95XFQT9D"},{"Name":"Balance"},{"Name":"TransactionDate","Value":20210609180827},{"Name":"PhoneNumber","Value":254707408217}]}}}}{"Body":{"stkCallback":{"MerchantRequestID":"2512-29890315-1","CheckoutRequestID":"ws_CO_09062021180930511279","ResultCode":1031,"ResultDesc":"Request cancelled by user"}}}{"Body":{"stkCallback":{"MerchantRequestID":"7761-30779905-1","CheckoutRequestID":"ws_CO_09062021181008466120","ResultCode":1031,"ResultDesc":"Request cancelled by user"}}}{"Body":{"stkCallback":{"MerchantRequestID":"90156-30299373-1","CheckoutRequestID":"ws_CO_09062021181921169650","ResultCode":0,"ResultDesc":"The service request is processed successfully.","CallbackMetadata":{"Item":[{"Name":"Amount","Value":200},{"Name":"MpesaReceiptNumber","Value":"PF92XGIG6I"},{"Name":"Balance"},{"Name":"TransactionDate","Value":20210609181946},{"Name":"PhoneNumber","Value":254707635346}]}}}}{"Body":{"stkCallback":{"MerchantRequestID":"2513-29907676-1","CheckoutRequestID":"ws_CO_09062021182139138542","ResultCode":1,"ResultDesc":"The balance is insufficient for the transaction"}}}{"Body":{"stkCallback":{"MerchantRequestID":"6065-19007598-1","CheckoutRequestID":"ws_CO_09062021182328666598","ResultCode":1,"ResultDesc":"The balance is insufficient for the transaction"}}}{"Body":{"stkCallback":{"MerchantRequestID":"95497-20236505-1","CheckoutRequestID":"ws_CO_09062021182816284794","ResultCode":1,"ResultDesc":"The balance is insufficient for the transaction"}}}{"Body":{"stkCallback":{"MerchantRequestID":"100132-19380392-1","CheckoutRequestID":"ws_CO_09062021183337263232","ResultCode":0,"ResultDesc":"The service request is processed successfully.","CallbackMetadata":{"Item":[{"Name":"Amount","Value":200},{"Name":"MpesaReceiptNumber","Value":"PF94XHIK8I"},{"Name":"Balance"},{"Name":"TransactionDate","Value":20210609183404},{"Name":"PhoneNumber","Value":254705622341}]}}}}{"Body":{"stkCallback":{"MerchantRequestID":"9068-30819165-1","CheckoutRequestID":"ws_CO_09062021184317484611","ResultCode":1,"ResultDesc":"The balance is insufficient for the transaction"}}}{"Body":{"stkCallback":{"MerchantRequestID":"14235-30669936-1","CheckoutRequestID":"ws_CO_09062021190115124056","ResultCode":1031,"ResultDesc":"Request cancelled by user"}}}{"Body":{"stkCallback":{"MerchantRequestID":"14232-30674921-1","CheckoutRequestID":"ws_CO_09062021190424620379","ResultCode":1,"ResultDesc":"The balance is insufficient for the transaction"}}}{"Body":{"stkCallback":{"MerchantRequestID":"7751-30868383-1","CheckoutRequestID":"ws_CO_09062021190846252187","ResultCode":1037,"ResultDesc":"DS timeout."}}}{"Body":{"stkCallback":{"MerchantRequestID":"61930-30381270-1","CheckoutRequestID":"ws_CO_09062021191436452571","ResultCode":1,"ResultDesc":"The balance is insufficient for the transaction"}}}{"Body":{"stkCallback":{"MerchantRequestID":"100135-19447322-1","CheckoutRequestID":"ws_CO_09062021191644008513","ResultCode":1,"ResultDesc":"The balance is insufficient for the transaction"}}}{"Body":{"stkCallback":{"MerchantRequestID":"9073-30888371-1","CheckoutRequestID":"ws_CO_09062021192629544137","ResultCode":1037,"ResultDesc":"DS timeout."}}}{"Body":{"stkCallback":{"MerchantRequestID":"100134-19574140-1","CheckoutRequestID":"ws_CO_09062021203207466091","ResultCode":0,"ResultDesc":"The service request is processed successfully.","CallbackMetadata":{"Item":[{"Name":"Amount","Value":200},{"Name":"MpesaReceiptNumber","Value":"PF91XQ8SBP"},{"Name":"Balance"},{"Name":"TransactionDate","Value":20210609203217},{"Name":"PhoneNumber","Value":254710113662}]}}}}{"Body":{"stkCallback":{"MerchantRequestID":"95505-20445921-1","CheckoutRequestID":"ws_CO_09062021203718043635","ResultCode":1031,"ResultDesc":"Request cancelled by user"}}}{"Body":{"stkCallback":{"MerchantRequestID":"95493-20503767-1","CheckoutRequestID":"ws_CO_09062021211515590142","ResultCode":1,"ResultDesc":"The balance is insufficient for the transaction"}}}{"Body":{"stkCallback":{"MerchantRequestID":"7764-31113639-1","CheckoutRequestID":"ws_CO_09062021214246606953","ResultCode":0,"ResultDesc":"The service request is processed successfully.","CallbackMetadata":{"Item":[{"Name":"Amount","Value":200},{"Name":"MpesaReceiptNumber","Value":"PF99XTLJV1"},{"Name":"Balance"},{"Name":"TransactionDate","Value":20210609214257},{"Name":"PhoneNumber","Value":254795880775}]}}}}{"Body":{"stkCallback":{"MerchantRequestID":"9065-31130466-1","CheckoutRequestID":"ws_CO_09062021220348526325","ResultCode":0,"ResultDesc":"The service request is processed successfully.","CallbackMetadata":{"Item":[{"Name":"Amount","Value":200},{"Name":"MpesaReceiptNumber","Value":"PF97XU9KP5"},{"Name":"TransactionDate","Value":20210609220405},{"Name":"PhoneNumber","Value":254703888343}]}}}}{"Body":{"stkCallback":{"MerchantRequestID":"14233-31040711-1","CheckoutRequestID":"ws_CO_09062021233551325584","ResultCode":1,"ResultDesc":"The balance is insufficient for the transaction"}}}{"Body":{"stkCallback":{"MerchantRequestID":"90148-30775266-1","CheckoutRequestID":"ws_CO_10062021005438686810","ResultCode":1,"ResultDesc":"The balance is insufficient for the transaction"}}}{"Body":{"stkCallback":{"MerchantRequestID":"76485-212398-1","CheckoutRequestID":"ws_CO_10062021074559313480","ResultCode":0,"ResultDesc":"The service request is processed successfully.","CallbackMetadata":{"Item":[{"Name":"Amount","Value":200},{"Name":"MpesaReceiptNumber","Value":"PFA6XYTRSU"},{"Name":"Balance"},{"Name":"TransactionDate","Value":20210610074647},{"Name":"PhoneNumber","Value":254723335720}]}}}}{"Body":{"stkCallback":{"MerchantRequestID":"80824-214088-1","CheckoutRequestID":"ws_CO_10062021074710255089","ResultCode":1,"ResultDesc":"The balance is insufficient for the transaction"}}}{"Body":{"stkCallback":{"MerchantRequestID":"36248-199813-1","CheckoutRequestID":"ws_CO_10062021083354946954","ResultCode":0,"ResultDesc":"The service request is processed successfully.","CallbackMetadata":{"Item":[{"Name":"Amount","Value":200},{"Name":"MpesaReceiptNumber","Value":"PFA0Y0JHDM"},{"Name":"Balance"},{"Name":"TransactionDate","Value":20210610083402},{"Name":"PhoneNumber","Value":254721351679}]}}}}{"Body":{"stkCallback":{"MerchantRequestID":"29981-283048-1","CheckoutRequestID":"ws_CO_10062021084840713117","ResultCode":0,"ResultDesc":"The service request is processed successfully.","CallbackMetadata":{"Item":[{"Name":"Amount","Value":200},{"Name":"MpesaReceiptNumber","Value":"PFA1Y15IZX"},{"Name":"Balance"},{"Name":"TransactionDate","Value":20210610084930},{"Name":"PhoneNumber","Value":254729147173}]}}}}{"Body":{"stkCallback":{"MerchantRequestID":"80829-279683-1","CheckoutRequestID":"ws_CO_10062021085017088549","ResultCode":1,"ResultDesc":"The balance is insufficient for the transaction"}}}{"Body":{"stkCallback":{"MerchantRequestID":"52892-339085-1","CheckoutRequestID":"ws_CO_10062021103514133437","ResultCode":1037,"ResultDesc":"DS timeout."}}}{"Body":{"stkCallback":{"MerchantRequestID":"49462-348044-1","CheckoutRequestID":"ws_CO_10062021103831849253","ResultCode":0,"ResultDesc":"The service request is processed successfully.","CallbackMetadata":{"Item":[{"Name":"Amount","Value":200},{"Name":"MpesaReceiptNumber","Value":"PFA5Y5YPYD"},{"Name":"Balance"},{"Name":"TransactionDate","Value":20210610103854},{"Name":"PhoneNumber","Value":254706360117}]}}}}{"Body":{"stkCallback":{"MerchantRequestID":"24577-349795-1","CheckoutRequestID":"ws_CO_10062021104852928410","ResultCode":0,"ResultDesc":"The service request is processed successfully.","CallbackMetadata":{"Item":[{"Name":"Amount","Value":200},{"Name":"MpesaReceiptNumber","Value":"PFA5Y6FQTF"},{"Name":"Balance"},{"Name":"TransactionDate","Value":20210610104859},{"Name":"PhoneNumber","Value":254792983715}]}}}}{"Body":{"stkCallback":{"MerchantRequestID":"95810-449410-1","CheckoutRequestID":"ws_CO_10062021110821395256","ResultCode":1037,"ResultDesc":"DS timeout."}}}{"Body":{"stkCallback":{"MerchantRequestID":"80807-451138-1","CheckoutRequestID":"ws_CO_10062021110938264948","ResultCode":0,"ResultDesc":"The service request is processed successfully.","CallbackMetadata":{"Item":[{"Name":"Amount","Value":200},{"Name":"MpesaReceiptNumber","Value":"PFA0Y7ELEK"},{"Name":"TransactionDate","Value":20210610110951},{"Name":"PhoneNumber","Value":254707650105}]}}}}{"Body":{"stkCallback":{"MerchantRequestID":"76487-503134-1","CheckoutRequestID":"ws_CO_10062021115416728349","ResultCode":1032,"ResultDesc":"Request cancelled by user"}}}{"Body":{"stkCallback":{"MerchantRequestID":"95810-662008-1","CheckoutRequestID":"ws_CO_10062021140100935645","ResultCode":1,"ResultDesc":"The balance is insufficient for the transaction"}}}{"Body":{"stkCallback":{"MerchantRequestID":"49453-600031-1","CheckoutRequestID":"ws_CO_10062021140942404735","ResultCode":0,"ResultDesc":"The service request is processed successfully.","CallbackMetadata":{"Item":[{"Name":"Amount","Value":200},{"Name":"MpesaReceiptNumber","Value":"PFA7YFXZEB"},{"Name":"Balance"},{"Name":"TransactionDate","Value":20210610140950},{"Name":"PhoneNumber","Value":254112156831}]}}}}{"Body":{"stkCallback":{"MerchantRequestID":"49453-699625-1","CheckoutRequestID":"ws_CO_10062021153213141180","ResultCode":1032,"ResultDesc":"Request cancelled by user"}}}{"Body":{"stkCallback":{"MerchantRequestID":"22418-837448-1","CheckoutRequestID":"ws_CO_10062021161629759132","ResultCode":0,"ResultDesc":"The service request is processed successfully.","CallbackMetadata":{"Item":[{"Name":"Amount","Value":200},{"Name":"MpesaReceiptNumber","Value":"PFA2YM8MII"},{"Name":"Balance"},{"Name":"TransactionDate","Value":20210610161651},{"Name":"PhoneNumber","Value":254768315451}]}}}}{"Body":{"stkCallback":{"MerchantRequestID":"95798-883271-1","CheckoutRequestID":"ws_CO_10062021165800420274","ResultCode":1,"ResultDesc":"The balance is insufficient for the transaction"}}}{"Body":{"stkCallback":{"MerchantRequestID":"52889-817916-1","CheckoutRequestID":"ws_CO_10062021171431744796","ResultCode":1,"ResultDesc":"The balance is insufficient for the transaction"}}}{"Body":{"stkCallback":{"MerchantRequestID":"73030-910681-1","CheckoutRequestID":"ws_CO_10062021171750849097","ResultCode":1,"ResultDesc":"The balance is insufficient for the transaction"}}}{"Body":{"stkCallback":{"MerchantRequestID":"68231-978763-1","CheckoutRequestID":"ws_CO_10062021181109230829","ResultCode":0,"ResultDesc":"The service request is processed successfully.","CallbackMetadata":{"Item":[{"Name":"Amount","Value":200},{"Name":"MpesaReceiptNumber","Value":"PFA9YSWNC5"},{"Name":"TransactionDate","Value":20210610181124},{"Name":"PhoneNumber","Value":254757575004}]}}}}{"Body":{"stkCallback":{"MerchantRequestID":"68222-1070951-1","CheckoutRequestID":"ws_CO_10062021190805860305","ResultCode":1,"ResultDesc":"The balance is insufficient for the transaction"}}}{"Body":{"stkCallback":{"MerchantRequestID":"24563-965434-1","CheckoutRequestID":"ws_CO_10062021190810204140","ResultCode":1,"ResultDesc":"The balance is insufficient for the transaction"}}}{"Body":{"stkCallback":{"MerchantRequestID":"49469-1279323-1","CheckoutRequestID":"ws_CO_10062021221148933360","ResultCode":1,"ResultDesc":"The balance is insufficient for the transaction"}}}{"Body":{"stkCallback":{"MerchantRequestID":"8639-1300299-1","CheckoutRequestID":"ws_CO_10062021230019198743","ResultCode":0,"ResultDesc":"The service request is processed successfully.","CallbackMetadata":{"Item":[{"Name":"Amount","Value":200},{"Name":"MpesaReceiptNumber","Value":"PFA4Z8LW62"},{"Name":"Balance"},{"Name":"TransactionDate","Value":20210610230034},{"Name":"PhoneNumber","Value":254717111929}]}}}}{"Body":{"stkCallback":{"MerchantRequestID":"22429-1434822-1","CheckoutRequestID":"ws_CO_10062021230241069666","ResultCode":1,"ResultDesc":"The balance is insufficient for the transaction"}}}{"Body":{"stkCallback":{"MerchantRequestID":"78077-160438-1","CheckoutRequestID":"ws_CO_11062021123918635573","ResultCode":1,"ResultDesc":"The balance is insufficient for the transaction"}}}{"Body":{"stkCallback":{"MerchantRequestID":"55051-463109-1","CheckoutRequestID":"ws_CO_11062021124503677466","ResultCode":1,"ResultDesc":"The balance is insufficient for the transaction"}}}{"Body":{"stkCallback":{"MerchantRequestID":"55051-618823-1","CheckoutRequestID":"ws_CO_11062021145144555137","ResultCode":0,"ResultDesc":"The service request is processed successfully.","CallbackMetadata":{"Item":[{"Name":"Amount","Value":200},{"Name":"MpesaReceiptNumber","Value":"PFB5ZVJV7H"},{"Name":"Balance"},{"Name":"TransactionDate","Value":20210611145150},{"Name":"PhoneNumber","Value":254712429475}]}}}}{"Body":{"stkCallback":{"MerchantRequestID":"60229-776109-1","CheckoutRequestID":"ws_CO_11062021165349618954","ResultCode":0,"ResultDesc":"The service request is processed successfully.","CallbackMetadata":{"Item":[{"Name":"Amount","Value":200},{"Name":"MpesaReceiptNumber","Value":"PFB311VZKF"},{"Name":"TransactionDate","Value":20210611165406},{"Name":"PhoneNumber","Value":254718228602}]}}}}{"Body":{"stkCallback":{"MerchantRequestID":"29739-1249199-1","CheckoutRequestID":"ws_CO_11062021215012075246","ResultCode":0,"ResultDesc":"The service request is processed successfully.","CallbackMetadata":{"Item":[{"Name":"Amount","Value":200},{"Name":"MpesaReceiptNumber","Value":"PFB71KVA5P"},{"Name":"Balance"},{"Name":"TransactionDate","Value":20210611215019},{"Name":"PhoneNumber","Value":254740723867}]}}}}{"Body":{"stkCallback":{"MerchantRequestID":"81351-1241819-1","CheckoutRequestID":"ws_CO_11062021220016958124","ResultCode":0,"ResultDesc":"The service request is processed successfully.","CallbackMetadata":{"Item":[{"Name":"Amount","Value":200},{"Name":"MpesaReceiptNumber","Value":"PFB71L7KZN"},{"Name":"Balance"},{"Name":"TransactionDate","Value":20210611220027},{"Name":"PhoneNumber","Value":254797594781}]}}}}{"Body":{"stkCallback":{"MerchantRequestID":"55071-1301618-1","CheckoutRequestID":"ws_CO_11062021224415663307","ResultCode":0,"ResultDesc":"The service request is processed successfully.","CallbackMetadata":{"Item":[{"Name":"Amount","Value":200},{"Name":"MpesaReceiptNumber","Value":"PFB51M8SJH"},{"Name":"TransactionDate","Value":20210611224428},{"Name":"PhoneNumber","Value":254701868918}]}}}}{"Body":{"stkCallback":{"MerchantRequestID":"81351-1869375-1","CheckoutRequestID":"ws_CO_12062021115011074662","ResultCode":0,"ResultDesc":"The service request is processed successfully.","CallbackMetadata":{"Item":[{"Name":"Amount","Value":200},{"Name":"MpesaReceiptNumber","Value":"PFC220BJKA"},{"Name":"Balance"},{"Name":"TransactionDate","Value":20210612115020},{"Name":"PhoneNumber","Value":254741518250}]}}}}{"Body":{"stkCallback":{"MerchantRequestID":"40621-1885186-1","CheckoutRequestID":"ws_CO_12062021120135587805","ResultCode":1,"ResultDesc":"The balance is insufficient for the transaction"}}}{"Body":{"stkCallback":{"MerchantRequestID":"81343-2021241-1","CheckoutRequestID":"ws_CO_12062021134517244712","ResultCode":1,"ResultDesc":"The balance is insufficient for the transaction"}}}{"Body":{"stkCallback":{"MerchantRequestID":"6074-2264569-1","CheckoutRequestID":"ws_CO_12062021170707195638","ResultCode":1032,"ResultDesc":"Request cancelled by user"}}}{"Body":{"stkCallback":{"MerchantRequestID":"55072-2574286-1","CheckoutRequestID":"ws_CO_12062021200428451369","ResultCode":1,"ResultDesc":"The balance is insufficient for the transaction"}}}{"Body":{"stkCallback":{"MerchantRequestID":"60235-2680487-1","CheckoutRequestID":"ws_CO_12062021210807112043","ResultCode":1,"ResultDesc":"The balance is insufficient for the transaction"}}}{"Body":{"stkCallback":{"MerchantRequestID":"81352-3080418-1","CheckoutRequestID":"ws_CO_13062021082256270082","ResultCode":1,"ResultDesc":"The balance is insufficient for the transaction"}}}{"Body":{"stkCallback":{"MerchantRequestID":"19511-3472690-1","CheckoutRequestID":"ws_CO_13062021134231262567","ResultCode":0,"ResultDesc":"The service request is processed successfully.","CallbackMetadata":{"Item":[{"Name":"Amount","Value":200},{"Name":"MpesaReceiptNumber","Value":"PFD03HUT1U"},{"Name":"TransactionDate","Value":20210613134247},{"Name":"PhoneNumber","Value":254748855689}]}}}}{"Body":{"stkCallback":{"MerchantRequestID":"81485-3523722-1","CheckoutRequestID":"ws_CO_13062021142433141370","ResultCode":0,"ResultDesc":"The service request is processed successfully.","CallbackMetadata":{"Item":[{"Name":"Amount","Value":200},{"Name":"MpesaReceiptNumber","Value":"PFD33JV2AN"},{"Name":"TransactionDate","Value":20210613142444},{"Name":"PhoneNumber","Value":254759952547}]}}}}{"Body":{"stkCallback":{"MerchantRequestID":"60223-3518728-1","CheckoutRequestID":"ws_CO_13062021142713256522","ResultCode":1,"ResultDesc":"The balance is insufficient for the transaction"}}}{"Body":{"stkCallback":{"MerchantRequestID":"7451-3475603-1","CheckoutRequestID":"ws_CO_13062021145055653493","ResultCode":0,"ResultDesc":"The service request is processed successfully.","CallbackMetadata":{"Item":[{"Name":"Amount","Value":200},{"Name":"MpesaReceiptNumber","Value":"PFD13L5OHV"},{"Name":"Balance"},{"Name":"TransactionDate","Value":20210613145102},{"Name":"PhoneNumber","Value":254799566736}]}}}}{"Body":{"stkCallback":{"MerchantRequestID":"29757-3736474-1","CheckoutRequestID":"ws_CO_13062021165241855709","ResultCode":1,"ResultDesc":"The balance is insufficient for the transaction"}}}{"Body":{"stkCallback":{"MerchantRequestID":"40619-3691371-1","CheckoutRequestID":"ws_CO_13062021165819899189","ResultCode":1,"ResultDesc":"The balance is insufficient for the transaction"}}}{"Body":{"stkCallback":{"MerchantRequestID":"81477-3737498-1","CheckoutRequestID":"ws_CO_13062021165945878127","ResultCode":1,"ResultDesc":"The balance is insufficient for the transaction"}}}{"Body":{"stkCallback":{"MerchantRequestID":"60228-3734939-1","CheckoutRequestID":"ws_CO_13062021170410894892","ResultCode":1,"ResultDesc":"The balance is insufficient for the transaction"}}}{"Body":{"stkCallback":{"MerchantRequestID":"55052-4196681-1","CheckoutRequestID":"ws_CO_13062021230149416994","ResultCode":0,"ResultDesc":"The service request is processed successfully.","CallbackMetadata":{"Item":[{"Name":"Amount","Value":200},{"Name":"MpesaReceiptNumber","Value":"PFD24AOTU0"},{"Name":"Balance"},{"Name":"TransactionDate","Value":20210613230202},{"Name":"PhoneNumber","Value":254798469636}]}}}}{"Body":{"stkCallback":{"MerchantRequestID":"19517-4703578-1","CheckoutRequestID":"ws_CO_14062021102118805155","ResultCode":1,"ResultDesc":"The balance is insufficient for the transaction"}}}{"Body":{"stkCallback":{"MerchantRequestID":"78077-4410191-1","CheckoutRequestID":"ws_CO_14062021103740805370","ResultCode":0,"ResultDesc":"The service request is processed successfully.","CallbackMetadata":{"Item":[{"Name":"Amount","Value":200},{"Name":"MpesaReceiptNumber","Value":"PFE44MDI0W"},{"Name":"Balance"},{"Name":"TransactionDate","Value":20210614103752},{"Name":"PhoneNumber","Value":254724838526}]}}}}{"Body":{"stkCallback":{"MerchantRequestID":"7461-4830562-1","CheckoutRequestID":"ws_CO_14062021134057583539","ResultCode":1037,"ResultDesc":"DS timeout."}}}{"Body":{"stkCallback":{"MerchantRequestID":"81341-4903159-1","CheckoutRequestID":"ws_CO_14062021135154195073","ResultCode":1037,"ResultDesc":"DS timeout."}}}{"Body":{"stkCallback":{"MerchantRequestID":"81343-4904946-1","CheckoutRequestID":"ws_CO_14062021135320988692","ResultCode":1037,"ResultDesc":"DS timeout."}}}{"Body":{"stkCallback":{"MerchantRequestID":"78087-4704200-1","CheckoutRequestID":"ws_CO_14062021143226875726","ResultCode":0,"ResultDesc":"The service request is processed successfully.","CallbackMetadata":{"Item":[{"Name":"Amount","Value":200},{"Name":"MpesaReceiptNumber","Value":"PFE04XS3PC"},{"Name":"Balance"},{"Name":"TransactionDate","Value":20210614143234},{"Name":"PhoneNumber","Value":254727924229}]}}}}{"Body":{"stkCallback":{"MerchantRequestID":"6060-4907226-1","CheckoutRequestID":"ws_CO_14062021144655268596","ResultCode":1019,"ResultDesc":"Transaction expired. No MO has been received"}}}{"Body":{"stkCallback":{"MerchantRequestID":"60224-5027184-1","CheckoutRequestID":"ws_CO_14062021145408543705","ResultCode":1019,"ResultDesc":"Transaction expired. No MO has been received"}}}{"Body":{"stkCallback":{"MerchantRequestID":"29742-5130300-1","CheckoutRequestID":"ws_CO_14062021160121116686","ResultCode":1032,"ResultDesc":"Request cancelled by user"}}}{"Body":{"stkCallback":{"MerchantRequestID":"19509-5500926-1","CheckoutRequestID":"ws_CO_14062021201436602160","ResultCode":0,"ResultDesc":"The service request is processed successfully.","CallbackMetadata":{"Item":[{"Name":"Amount","Value":200},{"Name":"MpesaReceiptNumber","Value":"PFE15J94Z9"},{"Name":"Balance"},{"Name":"TransactionDate","Value":20210614201443},{"Name":"PhoneNumber","Value":254702687290}]}}}}{"Body":{"stkCallback":{"MerchantRequestID":"40618-5518940-1","CheckoutRequestID":"ws_CO_14062021210854528009","ResultCode":0,"ResultDesc":"The service request is processed successfully.","CallbackMetadata":{"Item":[{"Name":"Amount","Value":200},{"Name":"MpesaReceiptNumber","Value":"PFE75MDULL"},{"Name":"TransactionDate","Value":20210614210903},{"Name":"PhoneNumber","Value":254706018043}]}}}}{"Body":{"stkCallback":{"MerchantRequestID":"60233-6495105-1","CheckoutRequestID":"ws_CO_15062021151607692428","ResultCode":1037,"ResultDesc":"DS timeout."}}}{"Body":{"stkCallback":{"MerchantRequestID":"6069-6422056-1","CheckoutRequestID":"ws_CO_15062021162535312976","ResultCode":1,"ResultDesc":"The balance is insufficient for the transaction"}}}{"Body":{"stkCallback":{"MerchantRequestID":"6065-6714183-1","CheckoutRequestID":"ws_CO_15062021192750579178","ResultCode":0,"ResultDesc":"The service request is processed successfully.","CallbackMetadata":{"Item":[{"Name":"Amount","Value":200},{"Name":"MpesaReceiptNumber","Value":"PFF56UZMAH"},{"Name":"Balance"},{"Name":"TransactionDate","Value":20210615192809},{"Name":"PhoneNumber","Value":254791953137}]}}}}{"Body":{"stkCallback":{"MerchantRequestID":"81356-7408390-1","CheckoutRequestID":"ws_CO_16062021075441565997","ResultCode":0,"ResultDesc":"The service request is processed successfully.","CallbackMetadata":{"Item":[{"Name":"Amount","Value":200},{"Name":"MpesaReceiptNumber","Value":"PFG37936GH"},{"Name":"Balance"},{"Name":"TransactionDate","Value":20210616075453},{"Name":"PhoneNumber","Value":254796652524}]}}}}{"Body":{"stkCallback":{"MerchantRequestID":"78085-7834613-1","CheckoutRequestID":"ws_CO_16062021163211113925","ResultCode":0,"ResultDesc":"The service request is processed successfully.","CallbackMetadata":{"Item":[{"Name":"Amount","Value":200},{"Name":"MpesaReceiptNumber","Value":"PFG67WQR0E"},{"Name":"Balance"},{"Name":"TransactionDate","Value":20210616163218},{"Name":"PhoneNumber","Value":254713816684}]}}}}{"Body":{"stkCallback":{"MerchantRequestID":"55071-8396249-1","CheckoutRequestID":"ws_CO_16062021192714238446","ResultCode":1031,"ResultDesc":"Request cancelled by user"}}}