<?xml version="1.0" encoding="UTF-8"?>
<project-private xmlns="http://www.netbeans.org/ns/project-private/1">
    <editor-bookmarks xmlns="http://www.netbeans.org/ns/editor-bookmarks/2" lastBookmarkId="0"/>
    <open-files xmlns="http://www.netbeans.org/ns/projectui-open-files/2">
        <group>
            <file>file:/C:/xampp/htdocs/netmlm22/aside.php</file>
            <file>file:/C:/xampp/htdocs/netmlm22/cominggg/free-spin.php</file>
            <file>file:/C:/xampp/htdocs/netmlm22/cominggg/footer.php</file>
            <file>file:/C:/xampp/htdocs/netmlm22/welcome-spin.php</file>
            <file>file:/C:/xampp/htdocs/netmlm22/cominggg/welcome-spin.php</file>
            <file>file:/C:/xampp/htdocs/netmlm22/readarticle.php</file>
            <file>file:/C:/xampp/htdocs/netmlm22/cominggg/lucky-spin.php</file>
        </group>
    </open-files>
</project-private>
